USE [LIQUOR STORE];

INSERT INTO Categorii (id, nume) VALUES
(1, 'Bere'),
(2, 'Cidru'),
(3, 'Vin'),
(4, 'Sampanie'),
(5, 'Lichior'),
(6, 'Whiskey'),
(7, 'Vodka'),
(8, 'Gin'),
(9, 'Rom'),
(10, 'Cognac'),
(11, 'Suc'),
(12, 'Tutun');

INSERT INTO Clienti (id, nume, prenume, nr_telefon) VALUES
(253, 'Becali', 'Gigi', 0723487235),
(254, 'Robu', 'Andrei', 0712647129),
(255, 'Cret', 'Cristina', 0745653709),
(256, 'Vert', 'Lil Uzi', 0787948293),
(257, 'Regina', 'Elizabeta', 0734298364),
(258, 'Suciu', 'Mihai', 0723641346),
(259, 'S. W. R. D.', 'Bandaranaike', 0798234423),
(260, 'elev', 'elev', 0712347236),
(261, 'Prichindel', 'Corina', 0747237124),
(262, 'Fram', 'Ursul Polar', 0798989898),
(263, 'Spiru', 'Haret', 0721647823),
(264, 'Jnepenis', 'Daniel', 0723564621);

INSERT INTO Comenzi (id, id_client, platforma, ramburs) VALUES
(4836, 258, 'FoodPanda', 0),
(4837, 262, 'Glovo', 0),
(4838, 253, 'FoodPanda', 0),
(4839, 255, 'ridicare personala', 1),
(4840, 264, 'FoodPanda', 0),
(4841, 259, 'Fan Courier', 1),
(4842, 256, 'FedEx', 1),
(4843, 261, 'Glovo', 0),
(4844, 258, 'FoodPanda', 0),
(4845, 257, 'Amazon', 1),
(4846, 263, 'FoodPanda', 0),
(4847, 254, 'Glovo', 0),
(4848, 260, 'ridicare personala', 1),
(4849, 257, 'FedEx', 1);

INSERT INTO Furnizori (id, nume, oras) VALUES
(1, 'Metro', 'Cluj-Napoca'),
(2, 'Selgros', 'Cluj-Napoca'),
(3, 'Angroseria', 'Bucuresti');

INSERT INTO Magazine (id, adresa, oras, spatiu, data_infiintarii, ora_deschiderii, ora_inchiderii) VALUES
(1, 'str. Emil Isac nr. 22', 'Cluj-Napoca', 50, '2003-01-10', '10', '12'),
(2, 'str. Piezisa nr. 23A', 'Cluj-Napoca', 45, '2005-05-25', '12', '2'),
(3, 'str. Albac nr. 16', 'Aiud', 60, '2010-11-15', '10', '1');

INSERT INTO Angajati (id, nume, prenume, cnp, nr_telefon, email, id_magazin) VALUES 
(1, 'Castravete', 'Raul', 5001115125812, 0792123456, 'cucumber@yahoo.com', 1),
(2, 'Bostancu', 'Marius', 5900823120101, 0747110682, 'bosstancu23@gmail.com', 2),
(3, 'Polistiren', 'Claudia', 6950625121212, 0743541541, 'clauurawr@dedeman.ro', 2),
(4, 'Cacealma', 'Pavel', 5891201124567, 0777777777, 'pacanelul@betfair.com', 3),
(5, 'Mustacioara', 'Camelia', 2660115124834, 0723466419, 'whiskas@gmail.com', 3),
(6, '', 'Madonna', 2000408120512, 0712345678, 'primadonna@yahoo.com', 1),
(7, 'al Glanetasului', 'Ion', 1501225120000, 0712479123, 'podzol@outlook.com', 2),
(8, 'Berar', 'Georgia', 6000823125788, 0753438198, 'georgia.berar23@gmail.com', 1),
(9, 'Samadaul', 'Lica', 1234567891011, 0707070707, 'lostrita07@yahoo.com', 3),
(10, 'Halep', 'Simona', 6921703126767, 0745276489, 'halephalep@simona.ro', 1);

INSERT INTO Produse (id, nume, concentratie, cantitate, descriere, pret, id_categorie, id_furnizor) VALUES
(371, 'Timisoreana', 5, 0.75, 'bere blonda de tip lager, productie romaneasca', 4.49, 1, 1),
(372, 'Corona', 4.5, 0.33, 'bere blonda de tip lager, productie mexicana', 7.15 ,1, 1),
(373, 'Old Mout Cider', 4, 0.33, 'cidru de mere cu aroma de capsuni/lime/ananas/mure', 6.86, 2, 1),
(374, 'Sommersby', 4.5, 0.33, 'cidru de mere cu aroma de mure/pepene/pere/soc', 4.23, 2, 1),
(375, 'Beciul Domnesc', 13.5, 0.75, 'feteasca neagra demidulce, an prod 2017', 18.16, 3, 2),
(376, 'Cotnari', 12, 0.75, 'grasa de cotnari demisec', 13.98, 3, 2),
(377, 'Moet Chandon', 12, 0.75, 'amestec de pinot noir, pinot meunier si chardonnay provenite din ani diferiti', 214, 4, 3),
(378, 'Robby Bubble', 0, 0.75, 'vin spumant fara alcool, cu aroma de capsuni', 9.75, 4, 3),
(379, 'Tatratea', 72, 0.7, 'lichior de ceai negru indian, cu extracte din plante', 114.99, 5, 3),
(380, 'Florentino', 16, 0.5, 'lichior de visine romanesc', 14.5, 5, 3),
(381, 'Jack Daniels', 40, 1, 'whiskey american din tennessee', 78.99, 6, 2),
(382, 'Jameson', 40, 0.7, 'whiskey irlandez', 73.81, 6, 2),
(383, 'Absolut', 40, 1, 'vodka suedeza din grau', 64, 7, 2),
(384, 'Grey Goose', 40, 1, 'vodka franceza rafinata', 178.39, 7, 1),
(385, 'Beefeater', 40, 0.7, 'gin londonez din plante medicinale', 56.90, 8, 1),
(386, 'Wembley', 40, 0.7, 'gin londonez dry din boabe de ienupar', 42.42, 8, 1),
(387, 'Bacardi', 37.5, 0.7, 'rom alb cu note de citrice', 56.99, 9, 1),
(388, 'Captain Morgan', 35, 0.7, 'rom brun cu note de vanilie', 74.20, 9, 2),
(389, 'Hennessy', 40, 0.7, 'brandy francez rafinat', 1000, 10, 2),
(390, 'Alexandrion', 40, 1, 'cognac invechit romanesc', 99.99, 10, 2),
(391, 'Santal', 0, 2.5, 'suc de portocale/visine/cirese/piersici', 12, 11, 2),
(392, 'Nestea', 0, 2.5, 'ice tea cu lamaie/piersici/mango', 4.99, 11, 1),
(393, 'Lucky Strike', 0, 1, 'tigari cu tutun de 8', 20.5, 12, 1),
(394, 'Marlboro Red', 0, 1, 'tigari cu tutun de 7', 20, 12, 1);

INSERT INTO Reviews (id, review, stele, nume, id_produs) VALUES
(45, 'ft bun nota 10', 5, 'giorgia', 379),
(56, 'Prea tare pentru gustul meu!', 3, 'wick', 383),
(21, 'BUNASEARA AM ACHIZTIONAT JACK DENIEL PT ANIVERSAREA CU SOTUL A FOST DEZAMAGITOR DAR VISKYUL E BUN', 4, 'RODICA', 381),
(102, 'cu grija ca te torpileaza grav', 5, 'alicia keys', 375),
(25, 'Nu recomand pateaza cam tare.', 2, 'kkaren', 375);

INSERT INTO ProduseComenzi (id_produs, id_comenzi, cantitate) VALUES
(371, 4836, 10),
(372, 4849, 8),
(377, 4849, 2),
(384, 4849, 1),
(389, 4849, 14),
(378, 4837, 1),
(380, 4838, 2),
(394, 4838, 1),
(375, 4839, 1),
(376, 4839, 1),
(385, 4840, 2),
(390, 4840, 1),
(379, 4841, 4),
(392, 4841, 1),
(387,4842,3),
(372,4842,10),
(376, 4842, 1),
(386, 4843, 15),
(381, 4844, 2),
(382, 4844, 2),
(391, 4845, 1),
(390, 4846, 3),
(388, 4846, 2),
(374, 4846, 1),
(389, 4847, 2),
(393, 4847, 2),
(381, 4847, 3),
(371, 4848, 1),
(372, 4848, 1),
(373, 4848, 1),
(374, 4848, 1),
(375, 4848, 1),
(376, 4848, 1),
(377, 4848, 1),
(378, 4848, 1),
(379, 4848, 1),
(380, 4848, 1),
(381, 4848, 1),
(382, 4848, 1),
(383, 4848, 1),
(384, 4848, 1),
(385, 4848, 1),
(386, 4848, 1),
(387, 4848, 1),
(388, 4848, 1),
(389, 4848, 1),
(390, 4848, 1),
(391, 4848, 1),
(392, 4848, 1);

INSERT INTO ProduseMagazine (id_magazin, id_produs) VALUES
(1, 371),
(1, 372),
(1, 373),
(1, 374),
(1, 375),
(1, 376),
(1, 377),
(1, 378),
(1, 379),
(1, 380),
(1, 381),
(1, 382),
(1, 383),
(1, 384),
(1, 385),
(1, 386),
(1, 387),
(1, 388),
(1, 389),
(1, 390),
(1, 391),
(1, 392),
(1, 393),
(1, 394),
(2, 371),
(2, 372),
(2, 373),
(2, 374),
(2, 375),
(2, 376),
(2, 377),
(2, 378),
(2, 380),
(2, 381),
(2, 382),
(2, 383),
(2, 385),
(2, 386),
(2, 387),
(2, 388),
(2, 390),
(2, 391),
(2, 392),
(2, 393),
(2, 394),
(3, 371),
(3, 372),
(3, 373),
(3, 374),
(3, 375),
(3, 376),
(3, 377),
(3, 378),
(3, 379),
(3, 380),
(3, 381),
(3, 382),
(3, 383),
(3, 384),
(3, 389),
(3, 390),
(3, 391),
(3, 392);